id,genre,path
tt1258972,Action,posters/tt1258972.jpg
tt2828840,Action,posters/tt2828840.jpg
tt2825924,Action,posters/tt2825924.jpg
tt2706264,Action,posters/tt2706264.jpg
tt2359006,Action,posters/tt2359006.jpg
tt0929742,Action,posters/tt0929742.jpg
tt1956697,Action,posters/tt1956697.jpg
tt1395025,Action,posters/tt1395025.jpg
tt0266697,Action,posters/tt0266697.jpg
tt0091815,Action,posters/tt0091815.jpg
tt0780595,Action,posters/tt0780595.jpg
tt0997167,Action,posters/tt0997167.jpg
tt0098158,Action,posters/tt0098158.jpg
tt0103776,Action,posters/tt0103776.jpg
tt0104215,Action,posters/tt0104215.jpg
tt0101481,Action,posters/tt0101481.jpg
tt0097987,Action,posters/tt0097987.jpg
tt3144098,Action,posters/tt3144098.jpg
tt0089243,Action,posters/tt0089243.jpg
tt2016940,Action,posters/tt2016940.jpg
tt2344678,Action,posters/tt2344678.jpg
tt2437954,Action,posters/tt2437954.jpg
tt2367996,Action,posters/tt2367996.jpg
tt2887322,Action,posters/tt2887322.jpg
tt1907639,Action,posters/tt1907639.jpg
tt0101587,Comedy,posters/tt0101587.jpg
tt0101862,Comedy,posters/tt0101862.jpg
tt0103241,Comedy,posters/tt0103241.jpg
tt0100087,Comedy,posters/tt0100087.jpg
tt0103035,Comedy,posters/tt0103035.jpg
tt0100611,Comedy,posters/tt0100611.jpg
tt0099316,Comedy,posters/tt0099316.jpg
tt0100301,Comedy,posters/tt0100301.jpg
tt0102303,Comedy,posters/tt0102303.jpg
tt0103015,Comedy,posters/tt0103015.jpg
tt0101757,Comedy,posters/tt0101757.jpg
tt0103007,Comedy,posters/tt0103007.jpg
tt0099342,Comedy,posters/tt0099342.jpg
tt0099305,Comedy,posters/tt0099305.jpg
tt0100899,Comedy,posters/tt0100899.jpg
tt0100708,Comedy,posters/tt0100708.jpg
tt0094907,Comedy,posters/tt0094907.jpg
tt0095047,Comedy,posters/tt0095047.jpg
tt0100684,Comedy,posters/tt0100684.jpg
tt0101660,Comedy,posters/tt0101660.jpg
tt0104187,Comedy,posters/tt0104187.jpg
tt0102849,Comedy,posters/tt0102849.jpg
tt0102558,Comedy,posters/tt0102558.jpg
tt0103128,Comedy,posters/tt0103128.jpg
tt0103850,Comedy,posters/tt0103850.jpg
tt0085750,Horror,posters/tt0085750.jpg
tt2505856,Horror,posters/tt2505856.jpg
tt0087746,Horror,posters/tt0087746.jpg
tt0085159,Horror,posters/tt0085159.jpg
tt0085780,Horror,posters/tt0085780.jpg
tt1457767,Horror,posters/tt1457767.jpg
tt0093777,Horror,posters/tt0093777.jpg
tt0091415,Horror,posters/tt0091415.jpg
tt1499302,Horror,posters/tt1499302.jpg
tt0091707,Horror,posters/tt0091707.jpg
tt0096340,Horror,posters/tt0096340.jpg
tt0095179,Horror,posters/tt0095179.jpg
tt2109184,Horror,posters/tt2109184.jpg
tt1650537,Horror,posters/tt1650537.jpg
tt1560985,Horror,posters/tt1560985.jpg
tt1536044,Horror,posters/tt1536044.jpg
tt0844289,Horror,posters/tt0844289.jpg
tt0489244,Horror,posters/tt0489244.jpg
tt0454841,Horror,posters/tt0454841.jpg
tt0420294,Horror,posters/tt0420294.jpg
tt0105428,Horror,posters/tt0105428.jpg
tt0104409,Horror,posters/tt0104409.jpg
tt0472186,Horror,posters/tt0472186.jpg
tt0099395,Horror,posters/tt0099395.jpg
tt0097388,Horror,posters/tt0097388.jpg
tt0098347,Drama,posters/tt0098347.jpg
tt0098112,Drama,posters/tt0098112.jpg
tt0098330,Drama,posters/tt0098330.jpg
tt0098638,Drama,posters/tt0098638.jpg
tt1630036,Drama,posters/tt1630036.jpg
tt1198156,Drama,posters/tt1198156.jpg
tt0085461,Drama,posters/tt0085461.jpg
tt0086216,Drama,posters/tt0086216.jpg
tt1562568,Drama,posters/tt1562568.jpg
tt1233334,Drama,posters/tt1233334.jpg
tt1684628,Drama,posters/tt1684628.jpg
tt0098335,Drama,posters/tt0098335.jpg
tt0097607,Drama,posters/tt0097607.jpg
tt0098659,Drama,posters/tt0098659.jpg
tt0097490,Drama,posters/tt0097490.jpg
tt0098631,Drama,posters/tt0098631.jpg
tt1582248,Drama,posters/tt1582248.jpg
tt0466893,Drama,posters/tt0466893.jpg
tt1915551,Drama,posters/tt1915551.jpg
tt0097458,Drama,posters/tt0097458.jpg
tt0097567,Drama,posters/tt0097567.jpg
tt1723811,Drama,posters/tt1723811.jpg
tt1554091,Drama,posters/tt1554091.jpg
tt1321860,Drama,posters/tt1321860.jpg
tt0100691,Drama,posters/tt0100691.jpg
tt2187972,Romance,posters/tt2187972.jpg
tt1260565,Romance,posters/tt1260565.jpg
tt0444840,Romance,posters/tt0444840.jpg
tt0432290,Romance,posters/tt0432290.jpg
tt3173910,Romance,posters/tt3173910.jpg
tt2784678,Romance,posters/tt2784678.jpg
tt2870756,Romance,posters/tt2870756.jpg
tt2582846,Romance,posters/tt2582846.jpg
tt2239832,Romance,posters/tt2239832.jpg
tt1086772,Romance,posters/tt1086772.jpg
tt1972779,Romance,posters/tt1972779.jpg
tt1800246,Romance,posters/tt1800246.jpg
tt0139362,Romance,posters/tt0139362.jpg
tt0120793,Romance,posters/tt0120793.jpg
tt0120820,Romance,posters/tt0120820.jpg
tt0120531,Romance,posters/tt0120531.jpg
tt0155388,Romance,posters/tt0155388.jpg
tt2034031,Romance,posters/tt2034031.jpg
tt3302962,Romance,posters/tt3302962.jpg
tt3554418,Romance,posters/tt3554418.jpg
tt0139134,Romance,posters/tt0139134.jpg
tt0186894,Romance,posters/tt0186894.jpg
tt0160862,Romance,posters/tt0160862.jpg
tt0132213,Romance,posters/tt0132213.jpg
tt0120723,Romance,posters/tt0120723.jpg
tt0460975,Sci-Fi,posters/tt0460975.jpg
tt2197905,Sci-Fi,posters/tt2197905.jpg
tt0088933,Sci-Fi,posters/tt0088933.jpg
tt0086567,Sci-Fi,posters/tt0086567.jpg
tt0089622,Sci-Fi,posters/tt0089622.jpg
tt0091276,Sci-Fi,posters/tt0091276.jpg
tt0086491,Sci-Fi,posters/tt0086491.jpg
tt2859246,Sci-Fi,posters/tt2859246.jpg
tt0092809,Sci-Fi,posters/tt0092809.jpg
tt1529307,Sci-Fi,posters/tt1529307.jpg
tt1949178,Sci-Fi,posters/tt1949178.jpg
tt1371111,Sci-Fi,posters/tt1371111.jpg
tt1343727,Sci-Fi,posters/tt1343727.jpg
tt0438488,Sci-Fi,posters/tt0438488.jpg
tt0091472,Sci-Fi,posters/tt0091472.jpg
tt0087130,Sci-Fi,posters/tt0087130.jpg
tt1182345,Sci-Fi,posters/tt1182345.jpg
tt1231587,Sci-Fi,posters/tt1231587.jpg
tt1363468,Sci-Fi,posters/tt1363468.jpg
tt1470827,Sci-Fi,posters/tt1470827.jpg
tt0370032,Sci-Fi,posters/tt0370032.jpg
tt0414993,Sci-Fi,posters/tt0414993.jpg
tt0872335,Sci-Fi,posters/tt0872335.jpg
tt0463854,Sci-Fi,posters/tt0463854.jpg
tt0768212,Sci-Fi,posters/tt0768212.jpg
tt0091123,Animation,posters/tt0091123.jpg
tt4179482,Animation,posters/tt4179482.jpg
tt1560987,Animation,posters/tt1560987.jpg
tt1145855,Animation,posters/tt1145855.jpg
tt1817287,Animation,posters/tt1817287.jpg
tt0398872,Animation,posters/tt0398872.jpg
tt0372763,Animation,posters/tt0372763.jpg
tt1912979,Animation,posters/tt1912979.jpg
tt1008003,Animation,posters/tt1008003.jpg
tt1931569,Animation,posters/tt1931569.jpg
tt1531706,Animation,posters/tt1531706.jpg
tt0327597,Animation,posters/tt0327597.jpg
tt1072430,Animation,posters/tt1072430.jpg
tt0498351,Animation,posters/tt0498351.jpg
tt2859246,Animation,posters/tt2859246.jpg
tt1979172,Animation,posters/tt1979172.jpg
tt1748199,Animation,posters/tt1748199.jpg
tt0097757,Animation,posters/tt0097757.jpg
tt0095894,Animation,posters/tt0095894.jpg
tt0085542,Animation,posters/tt0085542.jpg
tt0089877,Animation,posters/tt0089877.jpg
tt0090065,Animation,posters/tt0090065.jpg
tt0088814,Animation,posters/tt0088814.jpg
tt0088885,Animation,posters/tt0088885.jpg
tt0091149,Animation,posters/tt0091149.jpg
tt1562899,Thriller,posters/tt1562899.jpg
tt1241226,Thriller,posters/tt1241226.jpg
tt0087629,Thriller,posters/tt0087629.jpg
tt0093044,Thriller,posters/tt0093044.jpg
tt0093347,Thriller,posters/tt0093347.jpg
tt0285869,Thriller,posters/tt0285869.jpg
tt0253028,Thriller,posters/tt0253028.jpg
tt0164334,Thriller,posters/tt0164334.jpg
tt0246404,Thriller,posters/tt0246404.jpg
tt0107090,Thriller,posters/tt0107090.jpg
tt0315632,Thriller,posters/tt0315632.jpg
tt0487894,Thriller,posters/tt0487894.jpg
tt0101694,Thriller,posters/tt0101694.jpg
tt1266072,Thriller,posters/tt1266072.jpg
tt0818098,Thriller,posters/tt0818098.jpg
tt0100157,Thriller,posters/tt0100157.jpg
tt0100318,Thriller,posters/tt0100318.jpg
tt1127221,Thriller,posters/tt1127221.jpg
tt0960741,Thriller,posters/tt0960741.jpg
tt2215366,Thriller,posters/tt2215366.jpg
tt1990181,Thriller,posters/tt1990181.jpg
tt0097162,Thriller,posters/tt0097162.jpg
tt0097507,Thriller,posters/tt0097507.jpg
tt1189073,Thriller,posters/tt1189073.jpg
tt2290739,Thriller,posters/tt2290739.jpg
